0,葛もち(6個入り),1200
1,ぜんざい(3個入り),1600
2,芋ようかん,500
3,葛きり(6個入り),1600
4,醤油せんべい(20枚入り),400
5,こんぺいとう,320
6,おかき,350
7,きんつば(5個入り),830
8,栗もなか(10個入り),1500
9,カステラ,650
10,水ようかん,430
11,栗まんじゅう(5個入り),1400
12,豆寒天(6カップ),1900
13,いちご大福(10個入り),1500
14,どら焼(8個入り),2000
15,上生菓子(10個入り),1700
16,栗かの子(2缶),2100
17,抹茶飴,400
18,あんみつ(6個入り),2800
19,おしるこ(4個入り),1600
20,わらびもち(4個入り),1000
